sight_grp,mean_grp_p,mean_grp_pvar,mean_grp_ptau
1,0.3693502824858757,0.010000000000000002,99.99999999999999
2,0.7469779401310543,0.010000000000000002,99.99999999999999
3,0.9411092118522664,0.010000000000000002,99.99999999999999
